path,expected,predicted_class,actual
Data/cropped_image_output/test/abraham_grampa_simpson/pic109.jpg,abraham_grampa_simpson,[0],abraham_grampa_simpson
Data/cropped_image_output/test/abraham_grampa_simpson/pic113.jpg,abraham_grampa_simpson,[0],abraham_grampa_simpson
Data/cropped_image_output/test/abraham_grampa_simpson/pic114.jpg,abraham_grampa_simpson,[0],abraham_grampa_simpson
Data/cropped_image_output/test/abraham_grampa_simpson/pic120.jpg,abraham_grampa_simpson,[0],abraham_grampa_simpson
Data/cropped_image_output/test/abraham_grampa_simpson/pic138.jpg,abraham_grampa_simpson,[0],abraham_grampa_simpson
Data/cropped_image_output/test/abraham_grampa_simpson/pic14.jpg,abraham_grampa_simpson,[7],homer_simpson
Data/cropped_image_output/test/abraham_grampa_simpson/pic144.jpg,abraham_grampa_simpson,[0],abraham_grampa_simpson
Data/cropped_image_output/test/abraham_grampa_simpson/pic148.jpg,abraham_grampa_simpson,[0],abraham_grampa_simpson
Data/cropped_image_output/test/abraham_grampa_simpson/pic158.jpg,abraham_grampa_simpson,[0],abraham_grampa_simpson
Data/cropped_image_output/test/abraham_grampa_simpson/pic16.jpg,abraham_grampa_simpson,[0],abraham_grampa_simpson
Data/cropped_image_output/test/abraham_grampa_simpson/pic164.jpg,abraham_grampa_simpson,[0],abraham_grampa_simpson
Data/cropped_image_output/test/abraham_grampa_simpson/pic195.jpg,abraham_grampa_simpson,[0],abraham_grampa_simpson
Data/cropped_image_output/test/abraham_grampa_simpson/pic199.jpg,abraham_grampa_simpson,[0],abraham_grampa_simpson
Data/cropped_image_output/test/abraham_grampa_simpson/pic207.jpg,abraham_grampa_simpson,[0],abraham_grampa_simpson
Data/cropped_image_output/test/abraham_grampa_simpson/pic250.jpg,abraham_grampa_simpson,[0],abraham_grampa_simpson
Data/cropped_image_output/test/abraham_grampa_simpson/pic257.jpg,abraham_grampa_simpson,[0],abraham_grampa_simpson
Data/cropped_image_output/test/abraham_grampa_simpson/pic266.jpg,abraham_grampa_simpson,[0],abraham_grampa_simpson
Data/cropped_image_output/test/abraham_grampa_simpson/pic27.jpg,abraham_grampa_simpson,[0],abraham_grampa_simpson
Data/cropped_image_output/test/abraham_grampa_simpson/pic280.jpg,abraham_grampa_simpson,[0],abraham_grampa_simpson
Data/cropped_image_output/test/abraham_grampa_simpson/pic284.jpg,abraham_grampa_simpson,[0],abraham_grampa_simpson
Data/cropped_image_output/test/abraham_grampa_simpson/pic288.jpg,abraham_grampa_simpson,[15],nelson_muntz
Data/cropped_image_output/test/abraham_grampa_simpson/pic296.jpg,abraham_grampa_simpson,[0],abraham_grampa_simpson
Data/cropped_image_output/test/abraham_grampa_simpson/pic310.jpg,abraham_grampa_simpson,[0],abraham_grampa_simpson
Data/cropped_image_output/test/abraham_grampa_simpson/pic327.jpg,abraham_grampa_simpson,[0],abraham_grampa_simpson
Data/cropped_image_output/test/abraham_grampa_simpson/pic344.jpg,abraham_grampa_simpson,[0],abraham_grampa_simpson
Data/cropped_image_output/test/abraham_grampa_simpson/pic362.jpg,abraham_grampa_simpson,[0],abraham_grampa_simpson
Data/cropped_image_output/test/abraham_grampa_simpson/pic383.jpg,abraham_grampa_simpson,[0],abraham_grampa_simpson
Data/cropped_image_output/test/abraham_grampa_simpson/pic384.jpg,abraham_grampa_simpson,[0],abraham_grampa_simpson
Data/cropped_image_output/test/abraham_grampa_simpson/pic387.jpg,abraham_grampa_simpson,[0],abraham_grampa_simpson
Data/cropped_image_output/test/abraham_grampa_simpson/pic39.jpg,abraham_grampa_simpson,[0],abraham_grampa_simpson
Data/cropped_image_output/test/abraham_grampa_simpson/pic406.jpg,abraham_grampa_simpson,[0],abraham_grampa_simpson
Data/cropped_image_output/test/abraham_grampa_simpson/pic407.jpg,abraham_grampa_simpson,[1],apu_nahasapeemapetilon
Data/cropped_image_output/test/abraham_grampa_simpson/pic420.jpg,abraham_grampa_simpson,[0],abraham_grampa_simpson
Data/cropped_image_output/test/abraham_grampa_simpson/pic425.jpg,abraham_grampa_simpson,[0],abraham_grampa_simpson
Data/cropped_image_output/test/abraham_grampa_simpson/pic431.jpg,abraham_grampa_simpson,[3],charles_montgomery_burns
Data/cropped_image_output/test/abraham_grampa_simpson/pic436.jpg,abraham_grampa_simpson,[0],abraham_grampa_simpson
Data/cropped_image_output/test/abraham_grampa_simpson/pic437.jpg,abraham_grampa_simpson,[0],abraham_grampa_simpson
Data/cropped_image_output/test/abraham_grampa_simpson/pic453.jpg,abraham_grampa_simpson,[0],abraham_grampa_simpson
Data/cropped_image_output/test/abraham_grampa_simpson/pic460.jpg,abraham_grampa_simpson,[0],abraham_grampa_simpson
Data/cropped_image_output/test/abraham_grampa_simpson/pic468.jpg,abraham_grampa_simpson,[0],abraham_grampa_simpson
Data/cropped_image_output/test/abraham_grampa_simpson/pic472.jpg,abraham_grampa_simpson,[0],abraham_grampa_simpson
Data/cropped_image_output/test/abraham_grampa_simpson/pic476.jpg,abraham_grampa_simpson,[2],bart_simpson
Data/cropped_image_output/test/abraham_grampa_simpson/pic492.jpg,abraham_grampa_simpson,[0],abraham_grampa_simpson
Data/cropped_image_output/test/abraham_grampa_simpson/pic499.jpg,abraham_grampa_simpson,[0],abraham_grampa_simpson
Data/cropped_image_output/test/abraham_grampa_simpson/pic517.jpg,abraham_grampa_simpson,[0],abraham_grampa_simpson
Data/cropped_image_output/test/abraham_grampa_simpson/pic52.jpg,abraham_grampa_simpson,[0],abraham_grampa_simpson
Data/cropped_image_output/test/abraham_grampa_simpson/pic521.jpg,abraham_grampa_simpson,[0],abraham_grampa_simpson
Data/cropped_image_output/test/abraham_grampa_simpson/pic524.jpg,abraham_grampa_simpson,[0],abraham_grampa_simpson
Data/cropped_image_output/test/abraham_grampa_simpson/pic55.jpg,abraham_grampa_simpson,[0],abraham_grampa_simpson
Data/cropped_image_output/test/abraham_grampa_simpson/pic557.jpg,abraham_grampa_simpson,[0],abraham_grampa_simpson
Data/cropped_image_output/test/abraham_grampa_simpson/pic567.jpg,abraham_grampa_simpson,[0],abraham_grampa_simpson
Data/cropped_image_output/test/abraham_grampa_simpson/pic586.jpg,abraham_grampa_simpson,[0],abraham_grampa_simpson
Data/cropped_image_output/test/abraham_grampa_simpson/pic593.jpg,abraham_grampa_simpson,[0],abraham_grampa_simpson
Data/cropped_image_output/test/abraham_grampa_simpson/pic63.jpg,abraham_grampa_simpson,[0],abraham_grampa_simpson
Data/cropped_image_output/test/abraham_grampa_simpson/pic65.jpg,abraham_grampa_simpson,[0],abraham_grampa_simpson
Data/cropped_image_output/test/abraham_grampa_simpson/pic75.jpg,abraham_grampa_simpson,[0],abraham_grampa_simpson
Data/cropped_image_output/test/abraham_grampa_simpson/pic8.jpg,abraham_grampa_simpson,[3],charles_montgomery_burns
Data/cropped_image_output/test/abraham_grampa_simpson/pic83.jpg,abraham_grampa_simpson,[0],abraham_grampa_simpson
Data/cropped_image_output/test/abraham_grampa_simpson/pic94.jpg,abraham_grampa_simpson,[0],abraham_grampa_simpson
Data/cropped_image_output/test/apu_nahasapeemapetilon/pic5713.jpg,apu_nahasapeemapetilon,[1],apu_nahasapeemapetilon
Data/cropped_image_output/test/apu_nahasapeemapetilon/pic5728.jpg,apu_nahasapeemapetilon,[1],apu_nahasapeemapetilon
Data/cropped_image_output/test/apu_nahasapeemapetilon/pic5738.jpg,apu_nahasapeemapetilon,[1],apu_nahasapeemapetilon
Data/cropped_image_output/test/apu_nahasapeemapetilon/pic5765.jpg,apu_nahasapeemapetilon,[1],apu_nahasapeemapetilon
Data/cropped_image_output/test/apu_nahasapeemapetilon/pic5772.jpg,apu_nahasapeemapetilon,[1],apu_nahasapeemapetilon
Data/cropped_image_output/test/apu_nahasapeemapetilon/pic5779.jpg,apu_nahasapeemapetilon,[1],apu_nahasapeemapetilon
Data/cropped_image_output/test/apu_nahasapeemapetilon/pic5780.jpg,apu_nahasapeemapetilon,[1],apu_nahasapeemapetilon
Data/cropped_image_output/test/apu_nahasapeemapetilon/pic5785.jpg,apu_nahasapeemapetilon,[1],apu_nahasapeemapetilon
Data/cropped_image_output/test/apu_nahasapeemapetilon/pic5787.jpg,apu_nahasapeemapetilon,[1],apu_nahasapeemapetilon
Data/cropped_image_output/test/apu_nahasapeemapetilon/pic597.jpg,apu_nahasapeemapetilon,[8],kent_brockman
Data/cropped_image_output/test/apu_nahasapeemapetilon/pic625.jpg,apu_nahasapeemapetilon,[1],apu_nahasapeemapetilon
Data/cropped_image_output/test/apu_nahasapeemapetilon/pic635.jpg,apu_nahasapeemapetilon,[1],apu_nahasapeemapetilon
Data/cropped_image_output/test/apu_nahasapeemapetilon/pic638.jpg,apu_nahasapeemapetilon,[1],apu_nahasapeemapetilon
Data/cropped_image_output/test/apu_nahasapeemapetilon/pic647.jpg,apu_nahasapeemapetilon,[1],apu_nahasapeemapetilon
Data/cropped_image_output/test/apu_nahasapeemapetilon/pic651.jpg,apu_nahasapeemapetilon,[1],apu_nahasapeemapetilon
Data/cropped_image_output/test/apu_nahasapeemapetilon/pic657.jpg,apu_nahasapeemapetilon,[1],apu_nahasapeemapetilon
Data/cropped_image_output/test/apu_nahasapeemapetilon/pic667.jpg,apu_nahasapeemapetilon,[1],apu_nahasapeemapetilon
Data/cropped_image_output/test/apu_nahasapeemapetilon/pic670.jpg,apu_nahasapeemapetilon,[1],apu_nahasapeemapetilon
Data/cropped_image_output/test/apu_nahasapeemapetilon/pic676.jpg,apu_nahasapeemapetilon,[1],apu_nahasapeemapetilon
Data/cropped_image_output/test/apu_nahasapeemapetilon/pic683.jpg,apu_nahasapeemapetilon,[1],apu_nahasapeemapetilon
Data/cropped_image_output/test/apu_nahasapeemapetilon/pic690.jpg,apu_nahasapeemapetilon,[14],ned_flanders
Data/cropped_image_output/test/bart_simpson/pic1006.jpg,bart_simpson,[2],bart_simpson
Data/cropped_image_output/test/bart_simpson/pic1017.jpg,bart_simpson,[2],bart_simpson
Data/cropped_image_output/test/bart_simpson/pic1018.jpg,bart_simpson,[10],lisa_simpson
Data/cropped_image_output/test/bart_simpson/pic1023.jpg,bart_simpson,[3],charles_montgomery_burns
Data/cropped_image_output/test/bart_simpson/pic1044.jpg,bart_simpson,[2],bart_simpson
Data/cropped_image_output/test/bart_simpson/pic1055.jpg,bart_simpson,[2],bart_simpson
Data/cropped_image_output/test/bart_simpson/pic1066.jpg,bart_simpson,[10],lisa_simpson
Data/cropped_image_output/test/bart_simpson/pic1068.jpg,bart_simpson,[2],bart_simpson
Data/cropped_image_output/test/bart_simpson/pic1073.jpg,bart_simpson,[2],bart_simpson
Data/cropped_image_output/test/bart_simpson/pic1107.jpg,bart_simpson,[0],abraham_grampa_simpson
Data/cropped_image_output/test/bart_simpson/pic1111.jpg,bart_simpson,[8],kent_brockman
Data/cropped_image_output/test/bart_simpson/pic1117.jpg,bart_simpson,[2],bart_simpson
Data/cropped_image_output/test/bart_simpson/pic1121.jpg,bart_simpson,[2],bart_simpson
Data/cropped_image_output/test/bart_simpson/pic1169.jpg,bart_simpson,[2],bart_simpson
Data/cropped_image_output/test/bart_simpson/pic1170.jpg,bart_simpson,[2],bart_simpson
Data/cropped_image_output/test/bart_simpson/pic1175.jpg,bart_simpson,[10],lisa_simpson
Data/cropped_image_output/test/bart_simpson/pic1201.jpg,bart_simpson,[0],abraham_grampa_simpson
Data/cropped_image_output/test/bart_simpson/pic1205.jpg,bart_simpson,[2],bart_simpson
Data/cropped_image_output/test/bart_simpson/pic1209.jpg,bart_simpson,[10],lisa_simpson
Data/cropped_image_output/test/bart_simpson/pic1221.jpg,bart_simpson,[2],bart_simpson
Data/cropped_image_output/test/bart_simpson/pic698.jpg,bart_simpson,[2],bart_simpson
Data/cropped_image_output/test/bart_simpson/pic717.jpg,bart_simpson,[3],charles_montgomery_burns
Data/cropped_image_output/test/bart_simpson/pic727.jpg,bart_simpson,[2],bart_simpson
Data/cropped_image_output/test/bart_simpson/pic730.jpg,bart_simpson,[2],bart_simpson
Data/cropped_image_output/test/bart_simpson/pic737.jpg,bart_simpson,[3],charles_montgomery_burns
Data/cropped_image_output/test/bart_simpson/pic738.jpg,bart_simpson,[7],homer_simpson
Data/cropped_image_output/test/bart_simpson/pic758.jpg,bart_simpson,[2],bart_simpson
Data/cropped_image_output/test/bart_simpson/pic761.jpg,bart_simpson,[2],bart_simpson
Data/cropped_image_output/test/bart_simpson/pic764.jpg,bart_simpson,[10],lisa_simpson
Data/cropped_image_output/test/bart_simpson/pic767.jpg,bart_simpson,[2],bart_simpson
Data/cropped_image_output/test/bart_simpson/pic786.jpg,bart_simpson,[2],bart_simpson
Data/cropped_image_output/test/bart_simpson/pic802.jpg,bart_simpson,[2],bart_simpson
Data/cropped_image_output/test/bart_simpson/pic807.jpg,bart_simpson,[8],kent_brockman
Data/cropped_image_output/test/bart_simpson/pic814.jpg,bart_simpson,[2],bart_simpson
Data/cropped_image_output/test/bart_simpson/pic817.jpg,bart_simpson,[2],bart_simpson
Data/cropped_image_output/test/bart_simpson/pic819.jpg,bart_simpson,[3],charles_montgomery_burns
Data/cropped_image_output/test/bart_simpson/pic820.jpg,bart_simpson,[2],bart_simpson
Data/cropped_image_output/test/bart_simpson/pic839.jpg,bart_simpson,[3],charles_montgomery_burns
Data/cropped_image_output/test/bart_simpson/pic844.jpg,bart_simpson,[2],bart_simpson
Data/cropped_image_output/test/bart_simpson/pic847.jpg,bart_simpson,[7],homer_simpson
Data/cropped_image_output/test/bart_simpson/pic851.jpg,bart_simpson,[2],bart_simpson
Data/cropped_image_output/test/bart_simpson/pic854.jpg,bart_simpson,[2],bart_simpson
Data/cropped_image_output/test/bart_simpson/pic855.jpg,bart_simpson,[2],bart_simpson
Data/cropped_image_output/test/bart_simpson/pic860.jpg,bart_simpson,[2],bart_simpson
Data/cropped_image_output/test/bart_simpson/pic864.jpg,bart_simpson,[2],bart_simpson
Data/cropped_image_output/test/bart_simpson/pic882.jpg,bart_simpson,[10],lisa_simpson
Data/cropped_image_output/test/bart_simpson/pic910.jpg,bart_simpson,[2],bart_simpson
Data/cropped_image_output/test/bart_simpson/pic915.jpg,bart_simpson,[7],homer_simpson
Data/cropped_image_output/test/bart_simpson/pic918.jpg,bart_simpson,[3],charles_montgomery_burns
Data/cropped_image_output/test/bart_simpson/pic926.jpg,bart_simpson,[2],bart_simpson
Data/cropped_image_output/test/bart_simpson/pic963.jpg,bart_simpson,[2],bart_simpson
Data/cropped_image_output/test/bart_simpson/pic964.jpg,bart_simpson,[2],bart_simpson
Data/cropped_image_output/test/bart_simpson/pic974.jpg,bart_simpson,[4],chief_wiggum
Data/cropped_image_output/test/bart_simpson/pic983.jpg,bart_simpson,[2],bart_simpson
Data/cropped_image_output/test/bart_simpson/pic985.jpg,bart_simpson,[10],lisa_simpson
Data/cropped_image_output/test/bart_simpson/pic993.jpg,bart_simpson,[2],bart_simpson
Data/cropped_image_output/test/charles_montgomery_burns/pic1260.jpg,charles_montgomery_burns,[10],lisa_simpson
Data/cropped_image_output/test/charles_montgomery_burns/pic1265.jpg,charles_montgomery_burns,[8],kent_brockman
Data/cropped_image_output/test/charles_montgomery_burns/pic1266.jpg,charles_montgomery_burns,[10],lisa_simpson
Data/cropped_image_output/test/charles_montgomery_burns/pic1292.jpg,charles_montgomery_burns,[11],marge_simpson
Data/cropped_image_output/test/charles_montgomery_burns/pic1294.jpg,charles_montgomery_burns,[8],kent_brockman
Data/cropped_image_output/test/charles_montgomery_burns/pic1303.jpg,charles_montgomery_burns,[4],chief_wiggum
Data/cropped_image_output/test/charles_montgomery_burns/pic1314.jpg,charles_montgomery_burns,[17],sideshow_bob
Data/cropped_image_output/test/charles_montgomery_burns/pic1316.jpg,charles_montgomery_burns,[10],lisa_simpson
Data/cropped_image_output/test/charles_montgomery_burns/pic1321.jpg,charles_montgomery_burns,[3],charles_montgomery_burns
Data/cropped_image_output/test/charles_montgomery_burns/pic1355.jpg,charles_montgomery_burns,[3],charles_montgomery_burns
Data/cropped_image_output/test/charles_montgomery_burns/pic1359.jpg,charles_montgomery_burns,[3],charles_montgomery_burns
Data/cropped_image_output/test/charles_montgomery_burns/pic1369.jpg,charles_montgomery_burns,[3],charles_montgomery_burns
Data/cropped_image_output/test/charles_montgomery_burns/pic1419.jpg,charles_montgomery_burns,[0],abraham_grampa_simpson
Data/cropped_image_output/test/charles_montgomery_burns/pic1425.jpg,charles_montgomery_burns,[7],homer_simpson
Data/cropped_image_output/test/charles_montgomery_burns/pic1435.jpg,charles_montgomery_burns,[7],homer_simpson
Data/cropped_image_output/test/charles_montgomery_burns/pic1439.jpg,charles_montgomery_burns,[3],charles_montgomery_burns
Data/cropped_image_output/test/charles_montgomery_burns/pic1451.jpg,charles_montgomery_burns,[3],charles_montgomery_burns
Data/cropped_image_output/test/charles_montgomery_burns/pic1455.jpg,charles_montgomery_burns,[3],charles_montgomery_burns
Data/cropped_image_output/test/charles_montgomery_burns/pic1459.jpg,charles_montgomery_burns,[10],lisa_simpson
Data/cropped_image_output/test/charles_montgomery_burns/pic1468.jpg,charles_montgomery_burns,[3],charles_montgomery_burns
Data/cropped_image_output/test/charles_montgomery_burns/pic1484.jpg,charles_montgomery_burns,[3],charles_montgomery_burns
Data/cropped_image_output/test/charles_montgomery_burns/pic1502.jpg,charles_montgomery_burns,[3],charles_montgomery_burns
Data/cropped_image_output/test/charles_montgomery_burns/pic1521.jpg,charles_montgomery_burns,[3],charles_montgomery_burns
Data/cropped_image_output/test/charles_montgomery_burns/pic1541.jpg,charles_montgomery_burns,[3],charles_montgomery_burns
Data/cropped_image_output/test/charles_montgomery_burns/pic1564.jpg,charles_montgomery_burns,[3],charles_montgomery_burns
Data/cropped_image_output/test/charles_montgomery_burns/pic1565.jpg,charles_montgomery_burns,[3],charles_montgomery_burns
Data/cropped_image_output/test/charles_montgomery_burns/pic1568.jpg,charles_montgomery_burns,[14],ned_flanders
Data/cropped_image_output/test/charles_montgomery_burns/pic1571.jpg,charles_montgomery_burns,[3],charles_montgomery_burns
Data/cropped_image_output/test/charles_montgomery_burns/pic1590.jpg,charles_montgomery_burns,[3],charles_montgomery_burns
Data/cropped_image_output/test/charles_montgomery_burns/pic1591.jpg,charles_montgomery_burns,[3],charles_montgomery_burns
Data/cropped_image_output/test/charles_montgomery_burns/pic1606.jpg,charles_montgomery_burns,[3],charles_montgomery_burns
Data/cropped_image_output/test/charles_montgomery_burns/pic1611.jpg,charles_montgomery_burns,[3],charles_montgomery_burns
Data/cropped_image_output/test/charles_montgomery_burns/pic1619.jpg,charles_montgomery_burns,[3],charles_montgomery_burns
Data/cropped_image_output/test/charles_montgomery_burns/pic1624.jpg,charles_montgomery_burns,[3],charles_montgomery_burns
Data/cropped_image_output/test/charles_montgomery_burns/pic1625.jpg,charles_montgomery_burns,[3],charles_montgomery_burns
Data/cropped_image_output/test/charles_montgomery_burns/pic1643.jpg,charles_montgomery_burns,[3],charles_montgomery_burns
Data/cropped_image_output/test/charles_montgomery_burns/pic1651.jpg,charles_montgomery_burns,[3],charles_montgomery_burns
Data/cropped_image_output/test/charles_montgomery_burns/pic1659.jpg,charles_montgomery_burns,[3],charles_montgomery_burns
Data/cropped_image_output/test/charles_montgomery_burns/pic1664.jpg,charles_montgomery_burns,[3],charles_montgomery_burns
Data/cropped_image_output/test/charles_montgomery_burns/pic1668.jpg,charles_montgomery_burns,[3],charles_montgomery_burns
Data/cropped_image_output/test/charles_montgomery_burns/pic1686.jpg,charles_montgomery_burns,[3],charles_montgomery_burns
Data/cropped_image_output/test/charles_montgomery_burns/pic1693.jpg,charles_montgomery_burns,[3],charles_montgomery_burns
Data/cropped_image_output/test/charles_montgomery_burns/pic1714.jpg,charles_montgomery_burns,[3],charles_montgomery_burns
Data/cropped_image_output/test/charles_montgomery_burns/pic1719.jpg,charles_montgomery_burns,[3],charles_montgomery_burns
Data/cropped_image_output/test/charles_montgomery_burns/pic1722.jpg,charles_montgomery_burns,[3],charles_montgomery_burns
Data/cropped_image_output/test/charles_montgomery_burns/pic1769.jpg,charles_montgomery_burns,[10],lisa_simpson
Data/cropped_image_output/test/charles_montgomery_burns/pic5472.jpg,charles_montgomery_burns,[3],charles_montgomery_burns
Data/cropped_image_output/test/charles_montgomery_burns/pic5473.jpg,charles_montgomery_burns,[3],charles_montgomery_burns
Data/cropped_image_output/test/charles_montgomery_burns/pic5475.jpg,charles_montgomery_burns,[3],charles_montgomery_burns
Data/cropped_image_output/test/charles_montgomery_burns/pic5480.jpg,charles_montgomery_burns,[3],charles_montgomery_burns
Data/cropped_image_output/test/charles_montgomery_burns/pic5494.jpg,charles_montgomery_burns,[3],charles_montgomery_burns
Data/cropped_image_output/test/charles_montgomery_burns/pic5496.jpg,charles_montgomery_burns,[3],charles_montgomery_burns
Data/cropped_image_output/test/charles_montgomery_burns/pic5502.jpg,charles_montgomery_burns,[3],charles_montgomery_burns
Data/cropped_image_output/test/charles_montgomery_burns/pic5516.jpg,charles_montgomery_burns,[3],charles_montgomery_burns
Data/cropped_image_output/test/charles_montgomery_burns/pic5517.jpg,charles_montgomery_burns,[3],charles_montgomery_burns
Data/cropped_image_output/test/charles_montgomery_burns/pic5518.jpg,charles_montgomery_burns,[3],charles_montgomery_burns
Data/cropped_image_output/test/charles_montgomery_burns/pic5519.jpg,charles_montgomery_burns,[3],charles_montgomery_burns
Data/cropped_image_output/test/charles_montgomery_burns/pic5525.jpg,charles_montgomery_burns,[3],charles_montgomery_burns
Data/cropped_image_output/test/charles_montgomery_burns/pic5533.jpg,charles_montgomery_burns,[3],charles_montgomery_burns
Data/cropped_image_output/test/charles_montgomery_burns/pic5535.jpg,charles_montgomery_burns,[10],lisa_simpson
Data/cropped_image_output/test/charles_montgomery_burns/pic5536.jpg,charles_montgomery_burns,[3],charles_montgomery_burns
Data/cropped_image_output/test/charles_montgomery_burns/pic5542.jpg,charles_montgomery_burns,[3],charles_montgomery_burns
Data/cropped_image_output/test/charles_montgomery_burns/pic5550.jpg,charles_montgomery_burns,[3],charles_montgomery_burns
Data/cropped_image_output/test/charles_montgomery_burns/pic5560.jpg,charles_montgomery_burns,[0],abraham_grampa_simpson
Data/cropped_image_output/test/charles_montgomery_burns/pic5567.jpg,charles_montgomery_burns,[3],charles_montgomery_burns
Data/cropped_image_output/test/chief_wiggum/pic1804.jpg,chief_wiggum,[4],chief_wiggum
Data/cropped_image_output/test/chief_wiggum/pic1819.jpg,chief_wiggum,[4],chief_wiggum
Data/cropped_image_output/test/chief_wiggum/pic1829.jpg,chief_wiggum,[4],chief_wiggum
Data/cropped_image_output/test/chief_wiggum/pic1856.jpg,chief_wiggum,[3],charles_montgomery_burns
Data/cropped_image_output/test/chief_wiggum/pic1863.jpg,chief_wiggum,[4],chief_wiggum
Data/cropped_image_output/test/chief_wiggum/pic1870.jpg,chief_wiggum,[4],chief_wiggum
Data/cropped_image_output/test/chief_wiggum/pic1871.jpg,chief_wiggum,[5],comic_book_guy
Data/cropped_image_output/test/chief_wiggum/pic1876.jpg,chief_wiggum,[14],ned_flanders
Data/cropped_image_output/test/chief_wiggum/pic1878.jpg,chief_wiggum,[4],chief_wiggum
Data/cropped_image_output/test/chief_wiggum/pic6466.jpg,chief_wiggum,[4],chief_wiggum
Data/cropped_image_output/test/chief_wiggum/pic6495.jpg,chief_wiggum,[17],sideshow_bob
Data/cropped_image_output/test/chief_wiggum/pic6505.jpg,chief_wiggum,[4],chief_wiggum
Data/cropped_image_output/test/chief_wiggum/pic6508.jpg,chief_wiggum,[11],marge_simpson
Data/cropped_image_output/test/chief_wiggum/pic6517.jpg,chief_wiggum,[5],comic_book_guy
Data/cropped_image_output/test/chief_wiggum/pic6521.jpg,chief_wiggum,[4],chief_wiggum
Data/cropped_image_output/test/chief_wiggum/pic6528.jpg,chief_wiggum,[4],chief_wiggum
Data/cropped_image_output/test/chief_wiggum/pic6538.jpg,chief_wiggum,[5],comic_book_guy
Data/cropped_image_output/test/chief_wiggum/pic6541.jpg,chief_wiggum,[4],chief_wiggum
Data/cropped_image_output/test/chief_wiggum/pic6547.jpg,chief_wiggum,[4],chief_wiggum
Data/cropped_image_output/test/chief_wiggum/pic6554.jpg,chief_wiggum,[4],chief_wiggum
Data/cropped_image_output/test/chief_wiggum/pic6561.jpg,chief_wiggum,[4],chief_wiggum
Data/cropped_image_output/test/comic_book_guy/pic1910.jpg,comic_book_guy,[5],comic_book_guy
Data/cropped_image_output/test/comic_book_guy/pic1926.jpg,comic_book_guy,[14],ned_flanders
Data/cropped_image_output/test/comic_book_guy/pic1936.jpg,comic_book_guy,[0],abraham_grampa_simpson
Data/cropped_image_output/test/comic_book_guy/pic1962.jpg,comic_book_guy,[11],marge_simpson
Data/cropped_image_output/test/comic_book_guy/pic1969.jpg,comic_book_guy,[7],homer_simpson
Data/cropped_image_output/test/comic_book_guy/pic1976.jpg,comic_book_guy,[5],comic_book_guy
Data/cropped_image_output/test/comic_book_guy/pic1977.jpg,comic_book_guy,[5],comic_book_guy
Data/cropped_image_output/test/comic_book_guy/pic5951.jpg,comic_book_guy,[5],comic_book_guy
Data/cropped_image_output/test/comic_book_guy/pic5953.jpg,comic_book_guy,[5],comic_book_guy
Data/cropped_image_output/test/comic_book_guy/pic5961.jpg,comic_book_guy,[14],ned_flanders
Data/cropped_image_output/test/comic_book_guy/pic5989.jpg,comic_book_guy,[5],comic_book_guy
Data/cropped_image_output/test/comic_book_guy/pic5999.jpg,comic_book_guy,[3],charles_montgomery_burns
Data/cropped_image_output/test/comic_book_guy/pic6002.jpg,comic_book_guy,[5],comic_book_guy
Data/cropped_image_output/test/comic_book_guy/pic6011.jpg,comic_book_guy,[5],comic_book_guy
Data/cropped_image_output/test/comic_book_guy/pic6015.jpg,comic_book_guy,[6],edna_krabappel
Data/cropped_image_output/test/comic_book_guy/pic6021.jpg,comic_book_guy,[6],edna_krabappel
Data/cropped_image_output/test/comic_book_guy/pic6031.jpg,comic_book_guy,[15],nelson_muntz
Data/cropped_image_output/test/comic_book_guy/pic6034.jpg,comic_book_guy,[5],comic_book_guy
Data/cropped_image_output/test/comic_book_guy/pic6040.jpg,comic_book_guy,[5],comic_book_guy
Data/cropped_image_output/test/comic_book_guy/pic6048.jpg,comic_book_guy,[3],charles_montgomery_burns
Data/cropped_image_output/test/comic_book_guy/pic6055.jpg,comic_book_guy,[9],krusty_the_clown
Data/cropped_image_output/test/edna_krabappel/pic2008.jpg,edna_krabappel,[6],edna_krabappel
Data/cropped_image_output/test/edna_krabappel/pic2023.jpg,edna_krabappel,[6],edna_krabappel
Data/cropped_image_output/test/edna_krabappel/pic2033.jpg,edna_krabappel,[6],edna_krabappel
Data/cropped_image_output/test/edna_krabappel/pic2059.jpg,edna_krabappel,[6],edna_krabappel
Data/cropped_image_output/test/edna_krabappel/pic2066.jpg,edna_krabappel,[6],edna_krabappel
Data/cropped_image_output/test/edna_krabappel/pic2073.jpg,edna_krabappel,[6],edna_krabappel
Data/cropped_image_output/test/edna_krabappel/pic2074.jpg,edna_krabappel,[6],edna_krabappel
Data/cropped_image_output/test/edna_krabappel/pic2079.jpg,edna_krabappel,[14],ned_flanders
Data/cropped_image_output/test/edna_krabappel/pic6170.jpg,edna_krabappel,[6],edna_krabappel
Data/cropped_image_output/test/edna_krabappel/pic6178.jpg,edna_krabappel,[6],edna_krabappel
Data/cropped_image_output/test/edna_krabappel/pic6207.jpg,edna_krabappel,[9],krusty_the_clown
Data/cropped_image_output/test/edna_krabappel/pic6217.jpg,edna_krabappel,[14],ned_flanders
Data/cropped_image_output/test/edna_krabappel/pic6220.jpg,edna_krabappel,[15],nelson_muntz
Data/cropped_image_output/test/edna_krabappel/pic6229.jpg,edna_krabappel,[6],edna_krabappel
Data/cropped_image_output/test/edna_krabappel/pic6233.jpg,edna_krabappel,[6],edna_krabappel
Data/cropped_image_output/test/edna_krabappel/pic6239.jpg,edna_krabappel,[8],kent_brockman
Data/cropped_image_output/test/edna_krabappel/pic6249.jpg,edna_krabappel,[6],edna_krabappel
Data/cropped_image_output/test/edna_krabappel/pic6252.jpg,edna_krabappel,[6],edna_krabappel
Data/cropped_image_output/test/edna_krabappel/pic6258.jpg,edna_krabappel,[14],ned_flanders
Data/cropped_image_output/test/edna_krabappel/pic6269.jpg,edna_krabappel,[6],edna_krabappel
Data/cropped_image_output/test/edna_krabappel/pic6270.jpg,edna_krabappel,[6],edna_krabappel
Data/cropped_image_output/test/edna_krabappel/pic6278.jpg,edna_krabappel,[6],edna_krabappel
Data/cropped_image_output/test/homer_simpson/pic2093.jpg,homer_simpson,[7],homer_simpson
Data/cropped_image_output/test/homer_simpson/pic2098.jpg,homer_simpson,[7],homer_simpson
Data/cropped_image_output/test/homer_simpson/pic2099.jpg,homer_simpson,[7],homer_simpson
Data/cropped_image_output/test/homer_simpson/pic2125.jpg,homer_simpson,[7],homer_simpson
Data/cropped_image_output/test/homer_simpson/pic2127.jpg,homer_simpson,[7],homer_simpson
Data/cropped_image_output/test/homer_simpson/pic2132.jpg,homer_simpson,[7],homer_simpson
Data/cropped_image_output/test/homer_simpson/pic2136.jpg,homer_simpson,[7],homer_simpson
Data/cropped_image_output/test/homer_simpson/pic2147.jpg,homer_simpson,[7],homer_simpson
Data/cropped_image_output/test/homer_simpson/pic2149.jpg,homer_simpson,[7],homer_simpson
Data/cropped_image_output/test/homer_simpson/pic2154.jpg,homer_simpson,[7],homer_simpson
Data/cropped_image_output/test/homer_simpson/pic2188.jpg,homer_simpson,[7],homer_simpson
Data/cropped_image_output/test/homer_simpson/pic2192.jpg,homer_simpson,[7],homer_simpson
Data/cropped_image_output/test/homer_simpson/pic2202.jpg,homer_simpson,[7],homer_simpson
Data/cropped_image_output/test/homer_simpson/pic2250.jpg,homer_simpson,[0],abraham_grampa_simpson
Data/cropped_image_output/test/homer_simpson/pic2256.jpg,homer_simpson,[7],homer_simpson
Data/cropped_image_output/test/homer_simpson/pic2266.jpg,homer_simpson,[0],abraham_grampa_simpson
Data/cropped_image_output/test/homer_simpson/pic2270.jpg,homer_simpson,[7],homer_simpson
Data/cropped_image_output/test/homer_simpson/pic2282.jpg,homer_simpson,[7],homer_simpson
Data/cropped_image_output/test/homer_simpson/pic2286.jpg,homer_simpson,[7],homer_simpson
Data/cropped_image_output/test/homer_simpson/pic2290.jpg,homer_simpson,[7],homer_simpson
Data/cropped_image_output/test/homer_simpson/pic2299.jpg,homer_simpson,[0],abraham_grampa_simpson
Data/cropped_image_output/test/homer_simpson/pic2315.jpg,homer_simpson,[7],homer_simpson
Data/cropped_image_output/test/homer_simpson/pic2333.jpg,homer_simpson,[7],homer_simpson
Data/cropped_image_output/test/homer_simpson/pic2352.jpg,homer_simpson,[7],homer_simpson
Data/cropped_image_output/test/homer_simpson/pic2372.jpg,homer_simpson,[7],homer_simpson
Data/cropped_image_output/test/homer_simpson/pic2395.jpg,homer_simpson,[7],homer_simpson
Data/cropped_image_output/test/homer_simpson/pic2396.jpg,homer_simpson,[7],homer_simpson
Data/cropped_image_output/test/homer_simpson/pic2399.jpg,homer_simpson,[0],abraham_grampa_simpson
Data/cropped_image_output/test/homer_simpson/pic2402.jpg,homer_simpson,[7],homer_simpson
Data/cropped_image_output/test/homer_simpson/pic2421.jpg,homer_simpson,[7],homer_simpson
Data/cropped_image_output/test/homer_simpson/pic2422.jpg,homer_simpson,[7],homer_simpson
Data/cropped_image_output/test/homer_simpson/pic2437.jpg,homer_simpson,[7],homer_simpson
Data/cropped_image_output/test/homer_simpson/pic2442.jpg,homer_simpson,[0],abraham_grampa_simpson
Data/cropped_image_output/test/homer_simpson/pic2449.jpg,homer_simpson,[7],homer_simpson
Data/cropped_image_output/test/homer_simpson/pic2454.jpg,homer_simpson,[8],kent_brockman
Data/cropped_image_output/test/homer_simpson/pic2455.jpg,homer_simpson,[7],homer_simpson
Data/cropped_image_output/test/homer_simpson/pic2473.jpg,homer_simpson,[0],abraham_grampa_simpson
Data/cropped_image_output/test/homer_simpson/pic2481.jpg,homer_simpson,[7],homer_simpson
Data/cropped_image_output/test/homer_simpson/pic2489.jpg,homer_simpson,[7],homer_simpson
Data/cropped_image_output/test/homer_simpson/pic2494.jpg,homer_simpson,[7],homer_simpson
Data/cropped_image_output/test/homer_simpson/pic2498.jpg,homer_simpson,[7],homer_simpson
Data/cropped_image_output/test/homer_simpson/pic2516.jpg,homer_simpson,[0],abraham_grampa_simpson
Data/cropped_image_output/test/homer_simpson/pic2523.jpg,homer_simpson,[10],lisa_simpson
Data/cropped_image_output/test/homer_simpson/pic2545.jpg,homer_simpson,[7],homer_simpson
Data/cropped_image_output/test/homer_simpson/pic2548.jpg,homer_simpson,[7],homer_simpson
Data/cropped_image_output/test/homer_simpson/pic2550.jpg,homer_simpson,[7],homer_simpson
Data/cropped_image_output/test/homer_simpson/pic2553.jpg,homer_simpson,[14],ned_flanders
Data/cropped_image_output/test/homer_simpson/pic2588.jpg,homer_simpson,[7],homer_simpson
Data/cropped_image_output/test/homer_simpson/pic2600.jpg,homer_simpson,[7],homer_simpson
Data/cropped_image_output/test/homer_simpson/pic2621.jpg,homer_simpson,[7],homer_simpson
Data/cropped_image_output/test/homer_simpson/pic2622.jpg,homer_simpson,[15],nelson_muntz
Data/cropped_image_output/test/homer_simpson/pic2624.jpg,homer_simpson,[3],charles_montgomery_burns
Data/cropped_image_output/test/homer_simpson/pic2629.jpg,homer_simpson,[0],abraham_grampa_simpson
Data/cropped_image_output/test/homer_simpson/pic2638.jpg,homer_simpson,[7],homer_simpson
Data/cropped_image_output/test/homer_simpson/pic2643.jpg,homer_simpson,[7],homer_simpson
Data/cropped_image_output/test/homer_simpson/pic2652.jpg,homer_simpson,[7],homer_simpson
Data/cropped_image_output/test/homer_simpson/pic2653.jpg,homer_simpson,[7],homer_simpson
Data/cropped_image_output/test/homer_simpson/pic2665.jpg,homer_simpson,[7],homer_simpson
Data/cropped_image_output/test/homer_simpson/pic2667.jpg,homer_simpson,[7],homer_simpson
Data/cropped_image_output/test/homer_simpson/pic2674.jpg,homer_simpson,[7],homer_simpson
Data/cropped_image_output/test/homer_simpson/pic2682.jpg,homer_simpson,[7],homer_simpson
Data/cropped_image_output/test/kent_brockman/pic2720.jpg,kent_brockman,[10],lisa_simpson
Data/cropped_image_output/test/kent_brockman/pic2735.jpg,kent_brockman,[8],kent_brockman
Data/cropped_image_output/test/kent_brockman/pic2745.jpg,kent_brockman,[8],kent_brockman
Data/cropped_image_output/test/kent_brockman/pic2771.jpg,kent_brockman,[8],kent_brockman
Data/cropped_image_output/test/kent_brockman/pic2778.jpg,kent_brockman,[8],kent_brockman
Data/cropped_image_output/test/kent_brockman/pic2785.jpg,kent_brockman,[8],kent_brockman
Data/cropped_image_output/test/kent_brockman/pic2786.jpg,kent_brockman,[8],kent_brockman
Data/cropped_image_output/test/kent_brockman/pic2791.jpg,kent_brockman,[8],kent_brockman
Data/cropped_image_output/test/kent_brockman/pic2793.jpg,kent_brockman,[8],kent_brockman
Data/cropped_image_output/test/kent_brockman/pic2801.jpg,kent_brockman,[8],kent_brockman
Data/cropped_image_output/test/kent_brockman/pic2829.jpg,kent_brockman,[8],kent_brockman
Data/cropped_image_output/test/kent_brockman/pic2839.jpg,kent_brockman,[8],kent_brockman
Data/cropped_image_output/test/kent_brockman/pic2842.jpg,kent_brockman,[8],kent_brockman
Data/cropped_image_output/test/kent_brockman/pic2851.jpg,kent_brockman,[7],homer_simpson
Data/cropped_image_output/test/kent_brockman/pic2855.jpg,kent_brockman,[0],abraham_grampa_simpson
Data/cropped_image_output/test/kent_brockman/pic2861.jpg,kent_brockman,[0],abraham_grampa_simpson
Data/cropped_image_output/test/kent_brockman/pic6065.jpg,kent_brockman,[16],principal_skinner
Data/cropped_image_output/test/kent_brockman/pic6068.jpg,kent_brockman,[0],abraham_grampa_simpson
Data/cropped_image_output/test/kent_brockman/pic6074.jpg,kent_brockman,[8],kent_brockman
Data/cropped_image_output/test/kent_brockman/pic6081.jpg,kent_brockman,[8],kent_brockman
Data/cropped_image_output/test/kent_brockman/pic6085.jpg,kent_brockman,[8],kent_brockman
Data/cropped_image_output/test/kent_brockman/pic6096.jpg,kent_brockman,[8],kent_brockman
Data/cropped_image_output/test/krusty_the_clown/pic2893.jpg,krusty_the_clown,[9],krusty_the_clown
Data/cropped_image_output/test/krusty_the_clown/pic2908.jpg,krusty_the_clown,[11],marge_simpson
Data/cropped_image_output/test/krusty_the_clown/pic2918.jpg,krusty_the_clown,[9],krusty_the_clown
Data/cropped_image_output/test/krusty_the_clown/pic2944.jpg,krusty_the_clown,[9],krusty_the_clown
Data/cropped_image_output/test/krusty_the_clown/pic2951.jpg,krusty_the_clown,[9],krusty_the_clown
Data/cropped_image_output/test/krusty_the_clown/pic2958.jpg,krusty_the_clown,[9],krusty_the_clown
Data/cropped_image_output/test/krusty_the_clown/pic2959.jpg,krusty_the_clown,[9],krusty_the_clown
Data/cropped_image_output/test/krusty_the_clown/pic2964.jpg,krusty_the_clown,[9],krusty_the_clown
Data/cropped_image_output/test/krusty_the_clown/pic2966.jpg,krusty_the_clown,[9],krusty_the_clown
Data/cropped_image_output/test/krusty_the_clown/pic3002.jpg,krusty_the_clown,[9],krusty_the_clown
Data/cropped_image_output/test/krusty_the_clown/pic3012.jpg,krusty_the_clown,[3],charles_montgomery_burns
Data/cropped_image_output/test/krusty_the_clown/pic3015.jpg,krusty_the_clown,[9],krusty_the_clown
Data/cropped_image_output/test/krusty_the_clown/pic6103.jpg,krusty_the_clown,[9],krusty_the_clown
Data/cropped_image_output/test/krusty_the_clown/pic6107.jpg,krusty_the_clown,[9],krusty_the_clown
Data/cropped_image_output/test/krusty_the_clown/pic6113.jpg,krusty_the_clown,[9],krusty_the_clown
Data/cropped_image_output/test/krusty_the_clown/pic6123.jpg,krusty_the_clown,[9],krusty_the_clown
Data/cropped_image_output/test/krusty_the_clown/pic6126.jpg,krusty_the_clown,[9],krusty_the_clown
Data/cropped_image_output/test/krusty_the_clown/pic6132.jpg,krusty_the_clown,[7],homer_simpson
Data/cropped_image_output/test/krusty_the_clown/pic6140.jpg,krusty_the_clown,[9],krusty_the_clown
Data/cropped_image_output/test/krusty_the_clown/pic6144.jpg,krusty_the_clown,[9],krusty_the_clown
Data/cropped_image_output/test/krusty_the_clown/pic6148.jpg,krusty_the_clown,[9],krusty_the_clown
Data/cropped_image_output/test/krusty_the_clown/pic6157.jpg,krusty_the_clown,[10],lisa_simpson
Data/cropped_image_output/test/krusty_the_clown/pic6166.jpg,krusty_the_clown,[9],krusty_the_clown
Data/cropped_image_output/test/lisa_simpson/pic3034.jpg,lisa_simpson,[9],krusty_the_clown
Data/cropped_image_output/test/lisa_simpson/pic3039.jpg,lisa_simpson,[3],charles_montgomery_burns
Data/cropped_image_output/test/lisa_simpson/pic3040.jpg,lisa_simpson,[9],krusty_the_clown
Data/cropped_image_output/test/lisa_simpson/pic3047.jpg,lisa_simpson,[8],kent_brockman
Data/cropped_image_output/test/lisa_simpson/pic3066.jpg,lisa_simpson,[3],charles_montgomery_burns
Data/cropped_image_output/test/lisa_simpson/pic3068.jpg,lisa_simpson,[9],krusty_the_clown
Data/cropped_image_output/test/lisa_simpson/pic3077.jpg,lisa_simpson,[10],lisa_simpson
Data/cropped_image_output/test/lisa_simpson/pic3088.jpg,lisa_simpson,[3],charles_montgomery_burns
Data/cropped_image_output/test/lisa_simpson/pic3090.jpg,lisa_simpson,[10],lisa_simpson
Data/cropped_image_output/test/lisa_simpson/pic3095.jpg,lisa_simpson,[9],krusty_the_clown
Data/cropped_image_output/test/lisa_simpson/pic3116.jpg,lisa_simpson,[10],lisa_simpson
Data/cropped_image_output/test/lisa_simpson/pic3129.jpg,lisa_simpson,[10],lisa_simpson
Data/cropped_image_output/test/lisa_simpson/pic3133.jpg,lisa_simpson,[2],bart_simpson
Data/cropped_image_output/test/lisa_simpson/pic3143.jpg,lisa_simpson,[7],homer_simpson
Data/cropped_image_output/test/lisa_simpson/pic3191.jpg,lisa_simpson,[10],lisa_simpson
Data/cropped_image_output/test/lisa_simpson/pic3197.jpg,lisa_simpson,[10],lisa_simpson
Data/cropped_image_output/test/lisa_simpson/pic3207.jpg,lisa_simpson,[10],lisa_simpson
Data/cropped_image_output/test/lisa_simpson/pic3223.jpg,lisa_simpson,[10],lisa_simpson
Data/cropped_image_output/test/lisa_simpson/pic3227.jpg,lisa_simpson,[10],lisa_simpson
Data/cropped_image_output/test/lisa_simpson/pic3231.jpg,lisa_simpson,[10],lisa_simpson
Data/cropped_image_output/test/lisa_simpson/pic3240.jpg,lisa_simpson,[10],lisa_simpson
Data/cropped_image_output/test/lisa_simpson/pic3256.jpg,lisa_simpson,[10],lisa_simpson
Data/cropped_image_output/test/lisa_simpson/pic3274.jpg,lisa_simpson,[2],bart_simpson
Data/cropped_image_output/test/lisa_simpson/pic3291.jpg,lisa_simpson,[2],bart_simpson
Data/cropped_image_output/test/lisa_simpson/pic3292.jpg,lisa_simpson,[10],lisa_simpson
Data/cropped_image_output/test/lisa_simpson/pic3293.jpg,lisa_simpson,[2],bart_simpson
Data/cropped_image_output/test/lisa_simpson/pic3313.jpg,lisa_simpson,[10],lisa_simpson
Data/cropped_image_output/test/lisa_simpson/pic3336.jpg,lisa_simpson,[10],lisa_simpson
Data/cropped_image_output/test/lisa_simpson/pic3337.jpg,lisa_simpson,[10],lisa_simpson
Data/cropped_image_output/test/lisa_simpson/pic3340.jpg,lisa_simpson,[2],bart_simpson
Data/cropped_image_output/test/lisa_simpson/pic3343.jpg,lisa_simpson,[10],lisa_simpson
Data/cropped_image_output/test/lisa_simpson/pic3361.jpg,lisa_simpson,[10],lisa_simpson
Data/cropped_image_output/test/lisa_simpson/pic3362.jpg,lisa_simpson,[10],lisa_simpson
Data/cropped_image_output/test/lisa_simpson/pic3363.jpg,lisa_simpson,[7],homer_simpson
Data/cropped_image_output/test/lisa_simpson/pic3378.jpg,lisa_simpson,[10],lisa_simpson
Data/cropped_image_output/test/lisa_simpson/pic3383.jpg,lisa_simpson,[10],lisa_simpson
Data/cropped_image_output/test/lisa_simpson/pic3390.jpg,lisa_simpson,[10],lisa_simpson
Data/cropped_image_output/test/lisa_simpson/pic3395.jpg,lisa_simpson,[10],lisa_simpson
Data/cropped_image_output/test/lisa_simpson/pic3396.jpg,lisa_simpson,[10],lisa_simpson
Data/cropped_image_output/test/lisa_simpson/pic3414.jpg,lisa_simpson,[10],lisa_simpson
Data/cropped_image_output/test/lisa_simpson/pic3418.jpg,lisa_simpson,[10],lisa_simpson
Data/cropped_image_output/test/lisa_simpson/pic3422.jpg,lisa_simpson,[10],lisa_simpson
Data/cropped_image_output/test/lisa_simpson/pic3430.jpg,lisa_simpson,[10],lisa_simpson
Data/cropped_image_output/test/lisa_simpson/pic3435.jpg,lisa_simpson,[10],lisa_simpson
Data/cropped_image_output/test/lisa_simpson/pic3439.jpg,lisa_simpson,[10],lisa_simpson
Data/cropped_image_output/test/lisa_simpson/pic3457.jpg,lisa_simpson,[10],lisa_simpson
Data/cropped_image_output/test/lisa_simpson/pic3464.jpg,lisa_simpson,[10],lisa_simpson
Data/cropped_image_output/test/lisa_simpson/pic3485.jpg,lisa_simpson,[10],lisa_simpson
Data/cropped_image_output/test/lisa_simpson/pic3490.jpg,lisa_simpson,[10],lisa_simpson
Data/cropped_image_output/test/lisa_simpson/pic3493.jpg,lisa_simpson,[10],lisa_simpson
Data/cropped_image_output/test/lisa_simpson/pic3532.jpg,lisa_simpson,[10],lisa_simpson
Data/cropped_image_output/test/lisa_simpson/pic3539.jpg,lisa_simpson,[10],lisa_simpson
Data/cropped_image_output/test/lisa_simpson/pic3546.jpg,lisa_simpson,[10],lisa_simpson
Data/cropped_image_output/test/lisa_simpson/pic3547.jpg,lisa_simpson,[10],lisa_simpson
Data/cropped_image_output/test/lisa_simpson/pic3557.jpg,lisa_simpson,[10],lisa_simpson
Data/cropped_image_output/test/lisa_simpson/pic3566.jpg,lisa_simpson,[10],lisa_simpson
Data/cropped_image_output/test/lisa_simpson/pic3568.jpg,lisa_simpson,[3],charles_montgomery_burns
Data/cropped_image_output/test/marge_simpson/pic3587.jpg,marge_simpson,[11],marge_simpson
Data/cropped_image_output/test/marge_simpson/pic3598.jpg,marge_simpson,[11],marge_simpson
Data/cropped_image_output/test/marge_simpson/pic3599.jpg,marge_simpson,[11],marge_simpson
Data/cropped_image_output/test/marge_simpson/pic3625.jpg,marge_simpson,[11],marge_simpson
Data/cropped_image_output/test/marge_simpson/pic3636.jpg,marge_simpson,[11],marge_simpson
Data/cropped_image_output/test/marge_simpson/pic3647.jpg,marge_simpson,[11],marge_simpson
Data/cropped_image_output/test/marge_simpson/pic3649.jpg,marge_simpson,[11],marge_simpson
Data/cropped_image_output/test/marge_simpson/pic3654.jpg,marge_simpson,[11],marge_simpson
Data/cropped_image_output/test/marge_simpson/pic3688.jpg,marge_simpson,[11],marge_simpson
Data/cropped_image_output/test/marge_simpson/pic3692.jpg,marge_simpson,[11],marge_simpson
Data/cropped_image_output/test/marge_simpson/pic3698.jpg,marge_simpson,[11],marge_simpson
Data/cropped_image_output/test/marge_simpson/pic3702.jpg,marge_simpson,[11],marge_simpson
Data/cropped_image_output/test/marge_simpson/pic3741.jpg,marge_simpson,[11],marge_simpson
Data/cropped_image_output/test/marge_simpson/pic3750.jpg,marge_simpson,[11],marge_simpson
Data/cropped_image_output/test/marge_simpson/pic3751.jpg,marge_simpson,[11],marge_simpson
Data/cropped_image_output/test/marge_simpson/pic3756.jpg,marge_simpson,[0],abraham_grampa_simpson
Data/cropped_image_output/test/marge_simpson/pic3782.jpg,marge_simpson,[11],marge_simpson
Data/cropped_image_output/test/marge_simpson/pic3786.jpg,marge_simpson,[11],marge_simpson
Data/cropped_image_output/test/marge_simpson/pic3790.jpg,marge_simpson,[11],marge_simpson
Data/cropped_image_output/test/marge_simpson/pic3802.jpg,marge_simpson,[11],marge_simpson
Data/cropped_image_output/test/marge_simpson/pic3812.jpg,marge_simpson,[11],marge_simpson
Data/cropped_image_output/test/marge_simpson/pic3833.jpg,marge_simpson,[11],marge_simpson
Data/cropped_image_output/test/marge_simpson/pic3852.jpg,marge_simpson,[11],marge_simpson
Data/cropped_image_output/test/marge_simpson/pic3863.jpg,marge_simpson,[11],marge_simpson
Data/cropped_image_output/test/marge_simpson/pic3873.jpg,marge_simpson,[11],marge_simpson
Data/cropped_image_output/test/marge_simpson/pic3874.jpg,marge_simpson,[11],marge_simpson
Data/cropped_image_output/test/marge_simpson/pic3894.jpg,marge_simpson,[11],marge_simpson
Data/cropped_image_output/test/marge_simpson/pic3897.jpg,marge_simpson,[11],marge_simpson
Data/cropped_image_output/test/marge_simpson/pic3900.jpg,marge_simpson,[11],marge_simpson
Data/cropped_image_output/test/marge_simpson/pic3903.jpg,marge_simpson,[11],marge_simpson
Data/cropped_image_output/test/marge_simpson/pic3923.jpg,marge_simpson,[11],marge_simpson
Data/cropped_image_output/test/marge_simpson/pic3939.jpg,marge_simpson,[11],marge_simpson
Data/cropped_image_output/test/marge_simpson/pic3944.jpg,marge_simpson,[11],marge_simpson
Data/cropped_image_output/test/marge_simpson/pic3951.jpg,marge_simpson,[11],marge_simpson
Data/cropped_image_output/test/marge_simpson/pic3957.jpg,marge_simpson,[11],marge_simpson
Data/cropped_image_output/test/marge_simpson/pic3958.jpg,marge_simpson,[11],marge_simpson
Data/cropped_image_output/test/marge_simpson/pic3967.jpg,marge_simpson,[11],marge_simpson
Data/cropped_image_output/test/marge_simpson/pic3976.jpg,marge_simpson,[11],marge_simpson
Data/cropped_image_output/test/marge_simpson/pic3984.jpg,marge_simpson,[11],marge_simpson
Data/cropped_image_output/test/marge_simpson/pic3988.jpg,marge_simpson,[11],marge_simpson
Data/cropped_image_output/test/marge_simpson/pic3991.jpg,marge_simpson,[11],marge_simpson
Data/cropped_image_output/test/marge_simpson/pic3992.jpg,marge_simpson,[11],marge_simpson
Data/cropped_image_output/test/marge_simpson/pic3997.jpg,marge_simpson,[11],marge_simpson
Data/cropped_image_output/test/marge_simpson/pic4001.jpg,marge_simpson,[11],marge_simpson
Data/cropped_image_output/test/marge_simpson/pic4019.jpg,marge_simpson,[11],marge_simpson
Data/cropped_image_output/test/marge_simpson/pic4052.jpg,marge_simpson,[11],marge_simpson
Data/cropped_image_output/test/marge_simpson/pic4053.jpg,marge_simpson,[11],marge_simpson
Data/cropped_image_output/test/marge_simpson/pic4055.jpg,marge_simpson,[11],marge_simpson
Data/cropped_image_output/test/marge_simpson/pic4063.jpg,marge_simpson,[11],marge_simpson
Data/cropped_image_output/test/marge_simpson/pic4098.jpg,marge_simpson,[11],marge_simpson
Data/cropped_image_output/test/marge_simpson/pic4100.jpg,marge_simpson,[11],marge_simpson
Data/cropped_image_output/test/marge_simpson/pic4101.jpg,marge_simpson,[11],marge_simpson
Data/cropped_image_output/test/marge_simpson/pic4103.jpg,marge_simpson,[11],marge_simpson
Data/cropped_image_output/test/marge_simpson/pic4120.jpg,marge_simpson,[11],marge_simpson
Data/cropped_image_output/test/marge_simpson/pic4124.jpg,marge_simpson,[11],marge_simpson
Data/cropped_image_output/test/marge_simpson/pic4132.jpg,marge_simpson,[11],marge_simpson
Data/cropped_image_output/test/milhouse_van_houten/pic4164.jpg,milhouse_van_houten,[12],milhouse_van_houten
Data/cropped_image_output/test/milhouse_van_houten/pic4179.jpg,milhouse_van_houten,[12],milhouse_van_houten
Data/cropped_image_output/test/milhouse_van_houten/pic4189.jpg,milhouse_van_houten,[12],milhouse_van_houten
Data/cropped_image_output/test/milhouse_van_houten/pic4215.jpg,milhouse_van_houten,[12],milhouse_van_houten
Data/cropped_image_output/test/milhouse_van_houten/pic4222.jpg,milhouse_van_houten,[12],milhouse_van_houten
Data/cropped_image_output/test/milhouse_van_houten/pic4229.jpg,milhouse_van_houten,[12],milhouse_van_houten
Data/cropped_image_output/test/milhouse_van_houten/pic4230.jpg,milhouse_van_houten,[12],milhouse_van_houten
Data/cropped_image_output/test/milhouse_van_houten/pic4235.jpg,milhouse_van_houten,[12],milhouse_van_houten
Data/cropped_image_output/test/milhouse_van_houten/pic4237.jpg,milhouse_van_houten,[12],milhouse_van_houten
Data/cropped_image_output/test/milhouse_van_houten/pic4245.jpg,milhouse_van_houten,[12],milhouse_van_houten
Data/cropped_image_output/test/milhouse_van_houten/pic4273.jpg,milhouse_van_houten,[12],milhouse_van_houten
Data/cropped_image_output/test/milhouse_van_houten/pic6288.jpg,milhouse_van_houten,[12],milhouse_van_houten
Data/cropped_image_output/test/milhouse_van_houten/pic6291.jpg,milhouse_van_houten,[12],milhouse_van_houten
Data/cropped_image_output/test/milhouse_van_houten/pic6300.jpg,milhouse_van_houten,[12],milhouse_van_houten
Data/cropped_image_output/test/milhouse_van_houten/pic6304.jpg,milhouse_van_houten,[12],milhouse_van_houten
Data/cropped_image_output/test/milhouse_van_houten/pic6310.jpg,milhouse_van_houten,[12],milhouse_van_houten
Data/cropped_image_output/test/milhouse_van_houten/pic6320.jpg,milhouse_van_houten,[12],milhouse_van_houten
Data/cropped_image_output/test/milhouse_van_houten/pic6323.jpg,milhouse_van_houten,[12],milhouse_van_houten
Data/cropped_image_output/test/milhouse_van_houten/pic6329.jpg,milhouse_van_houten,[12],milhouse_van_houten
Data/cropped_image_output/test/milhouse_van_houten/pic6340.jpg,milhouse_van_houten,[12],milhouse_van_houten
Data/cropped_image_output/test/milhouse_van_houten/pic6348.jpg,milhouse_van_houten,[12],milhouse_van_houten
Data/cropped_image_output/test/moe_szyslak/pic4304.jpg,moe_szyslak,[13],moe_szyslak
Data/cropped_image_output/test/moe_szyslak/pic4319.jpg,moe_szyslak,[3],charles_montgomery_burns
Data/cropped_image_output/test/moe_szyslak/pic4329.jpg,moe_szyslak,[12],milhouse_van_houten
Data/cropped_image_output/test/moe_szyslak/pic4356.jpg,moe_szyslak,[13],moe_szyslak
Data/cropped_image_output/test/moe_szyslak/pic4363.jpg,moe_szyslak,[13],moe_szyslak
Data/cropped_image_output/test/moe_szyslak/pic4370.jpg,moe_szyslak,[0],abraham_grampa_simpson
Data/cropped_image_output/test/moe_szyslak/pic4371.jpg,moe_szyslak,[13],moe_szyslak
Data/cropped_image_output/test/moe_szyslak/pic4376.jpg,moe_szyslak,[7],homer_simpson
Data/cropped_image_output/test/moe_szyslak/pic4378.jpg,moe_szyslak,[13],moe_szyslak
Data/cropped_image_output/test/moe_szyslak/pic6356.jpg,moe_szyslak,[13],moe_szyslak
Data/cropped_image_output/test/moe_szyslak/pic6384.jpg,moe_szyslak,[13],moe_szyslak
Data/cropped_image_output/test/moe_szyslak/pic6394.jpg,moe_szyslak,[13],moe_szyslak
Data/cropped_image_output/test/moe_szyslak/pic6397.jpg,moe_szyslak,[5],comic_book_guy
Data/cropped_image_output/test/moe_szyslak/pic6406.jpg,moe_szyslak,[16],principal_skinner
Data/cropped_image_output/test/moe_szyslak/pic6410.jpg,moe_szyslak,[13],moe_szyslak
Data/cropped_image_output/test/moe_szyslak/pic6416.jpg,moe_szyslak,[5],comic_book_guy
Data/cropped_image_output/test/moe_szyslak/pic6426.jpg,moe_szyslak,[13],moe_szyslak
Data/cropped_image_output/test/moe_szyslak/pic6429.jpg,moe_szyslak,[4],chief_wiggum
Data/cropped_image_output/test/moe_szyslak/pic6435.jpg,moe_szyslak,[13],moe_szyslak
Data/cropped_image_output/test/moe_szyslak/pic6442.jpg,moe_szyslak,[13],moe_szyslak
Data/cropped_image_output/test/moe_szyslak/pic6446.jpg,moe_szyslak,[13],moe_szyslak
Data/cropped_image_output/test/moe_szyslak/pic6450.jpg,moe_szyslak,[13],moe_szyslak
Data/cropped_image_output/test/moe_szyslak/pic6458.jpg,moe_szyslak,[10],lisa_simpson
Data/cropped_image_output/test/ned_flanders/pic4393.jpg,ned_flanders,[10],lisa_simpson
Data/cropped_image_output/test/ned_flanders/pic4398.jpg,ned_flanders,[8],kent_brockman
Data/cropped_image_output/test/ned_flanders/pic4399.jpg,ned_flanders,[17],sideshow_bob
Data/cropped_image_output/test/ned_flanders/pic4406.jpg,ned_flanders,[10],lisa_simpson
Data/cropped_image_output/test/ned_flanders/pic4425.jpg,ned_flanders,[14],ned_flanders
Data/cropped_image_output/test/ned_flanders/pic4427.jpg,ned_flanders,[14],ned_flanders
Data/cropped_image_output/test/ned_flanders/pic4432.jpg,ned_flanders,[14],ned_flanders
Data/cropped_image_output/test/ned_flanders/pic4436.jpg,ned_flanders,[7],homer_simpson
Data/cropped_image_output/test/ned_flanders/pic4447.jpg,ned_flanders,[14],ned_flanders
Data/cropped_image_output/test/ned_flanders/pic4449.jpg,ned_flanders,[14],ned_flanders
Data/cropped_image_output/test/ned_flanders/pic4454.jpg,ned_flanders,[14],ned_flanders
Data/cropped_image_output/test/ned_flanders/pic4488.jpg,ned_flanders,[14],ned_flanders
Data/cropped_image_output/test/ned_flanders/pic4492.jpg,ned_flanders,[14],ned_flanders
Data/cropped_image_output/test/ned_flanders/pic4502.jpg,ned_flanders,[14],ned_flanders
Data/cropped_image_output/test/ned_flanders/pic4550.jpg,ned_flanders,[14],ned_flanders
Data/cropped_image_output/test/ned_flanders/pic4556.jpg,ned_flanders,[14],ned_flanders
Data/cropped_image_output/test/ned_flanders/pic4566.jpg,ned_flanders,[14],ned_flanders
Data/cropped_image_output/test/ned_flanders/pic4570.jpg,ned_flanders,[14],ned_flanders
Data/cropped_image_output/test/ned_flanders/pic4582.jpg,ned_flanders,[14],ned_flanders
Data/cropped_image_output/test/ned_flanders/pic4586.jpg,ned_flanders,[14],ned_flanders
Data/cropped_image_output/test/ned_flanders/pic4590.jpg,ned_flanders,[14],ned_flanders
Data/cropped_image_output/test/ned_flanders/pic4599.jpg,ned_flanders,[14],ned_flanders
Data/cropped_image_output/test/ned_flanders/pic4615.jpg,ned_flanders,[14],ned_flanders
Data/cropped_image_output/test/ned_flanders/pic4633.jpg,ned_flanders,[0],abraham_grampa_simpson
Data/cropped_image_output/test/ned_flanders/pic4652.jpg,ned_flanders,[14],ned_flanders
Data/cropped_image_output/test/ned_flanders/pic4672.jpg,ned_flanders,[14],ned_flanders
Data/cropped_image_output/test/ned_flanders/pic4695.jpg,ned_flanders,[14],ned_flanders
Data/cropped_image_output/test/ned_flanders/pic4696.jpg,ned_flanders,[14],ned_flanders
Data/cropped_image_output/test/ned_flanders/pic4699.jpg,ned_flanders,[14],ned_flanders
Data/cropped_image_output/test/ned_flanders/pic4702.jpg,ned_flanders,[14],ned_flanders
Data/cropped_image_output/test/ned_flanders/pic4721.jpg,ned_flanders,[0],abraham_grampa_simpson
Data/cropped_image_output/test/ned_flanders/pic4722.jpg,ned_flanders,[15],nelson_muntz
Data/cropped_image_output/test/ned_flanders/pic4737.jpg,ned_flanders,[4],chief_wiggum
Data/cropped_image_output/test/ned_flanders/pic4742.jpg,ned_flanders,[14],ned_flanders
Data/cropped_image_output/test/ned_flanders/pic4749.jpg,ned_flanders,[7],homer_simpson
Data/cropped_image_output/test/ned_flanders/pic4754.jpg,ned_flanders,[14],ned_flanders
Data/cropped_image_output/test/ned_flanders/pic4755.jpg,ned_flanders,[14],ned_flanders
Data/cropped_image_output/test/ned_flanders/pic4773.jpg,ned_flanders,[14],ned_flanders
Data/cropped_image_output/test/ned_flanders/pic4781.jpg,ned_flanders,[14],ned_flanders
Data/cropped_image_output/test/ned_flanders/pic4789.jpg,ned_flanders,[14],ned_flanders
Data/cropped_image_output/test/ned_flanders/pic4794.jpg,ned_flanders,[14],ned_flanders
Data/cropped_image_output/test/ned_flanders/pic4798.jpg,ned_flanders,[14],ned_flanders
Data/cropped_image_output/test/ned_flanders/pic4817.jpg,ned_flanders,[14],ned_flanders
Data/cropped_image_output/test/ned_flanders/pic4824.jpg,ned_flanders,[14],ned_flanders
Data/cropped_image_output/test/ned_flanders/pic4845.jpg,ned_flanders,[14],ned_flanders
Data/cropped_image_output/test/ned_flanders/pic4848.jpg,ned_flanders,[14],ned_flanders
Data/cropped_image_output/test/ned_flanders/pic4850.jpg,ned_flanders,[14],ned_flanders
Data/cropped_image_output/test/ned_flanders/pic4853.jpg,ned_flanders,[14],ned_flanders
Data/cropped_image_output/test/ned_flanders/pic4881.jpg,ned_flanders,[14],ned_flanders
Data/cropped_image_output/test/ned_flanders/pic4888.jpg,ned_flanders,[14],ned_flanders
Data/cropped_image_output/test/ned_flanders/pic4899.jpg,ned_flanders,[14],ned_flanders
Data/cropped_image_output/test/ned_flanders/pic4921.jpg,ned_flanders,[14],ned_flanders
Data/cropped_image_output/test/ned_flanders/pic4922.jpg,ned_flanders,[14],ned_flanders
Data/cropped_image_output/test/ned_flanders/pic4929.jpg,ned_flanders,[14],ned_flanders
Data/cropped_image_output/test/ned_flanders/pic4936.jpg,ned_flanders,[14],ned_flanders
Data/cropped_image_output/test/ned_flanders/pic4937.jpg,ned_flanders,[5],comic_book_guy
Data/cropped_image_output/test/ned_flanders/pic4943.jpg,ned_flanders,[0],abraham_grampa_simpson
Data/cropped_image_output/test/ned_flanders/pic5364.jpg,ned_flanders,[14],ned_flanders
Data/cropped_image_output/test/ned_flanders/pic5373.jpg,ned_flanders,[7],homer_simpson
Data/cropped_image_output/test/ned_flanders/pic5446.jpg,ned_flanders,[14],ned_flanders
Data/cropped_image_output/test/nelson_muntz/pic4971.jpg,nelson_muntz,[15],nelson_muntz
Data/cropped_image_output/test/nelson_muntz/pic4986.jpg,nelson_muntz,[15],nelson_muntz
Data/cropped_image_output/test/nelson_muntz/pic4996.jpg,nelson_muntz,[15],nelson_muntz
Data/cropped_image_output/test/nelson_muntz/pic5022.jpg,nelson_muntz,[0],abraham_grampa_simpson
Data/cropped_image_output/test/nelson_muntz/pic5029.jpg,nelson_muntz,[15],nelson_muntz
Data/cropped_image_output/test/nelson_muntz/pic5036.jpg,nelson_muntz,[15],nelson_muntz
Data/cropped_image_output/test/nelson_muntz/pic5037.jpg,nelson_muntz,[15],nelson_muntz
Data/cropped_image_output/test/nelson_muntz/pic5042.jpg,nelson_muntz,[15],nelson_muntz
Data/cropped_image_output/test/nelson_muntz/pic5044.jpg,nelson_muntz,[14],ned_flanders
Data/cropped_image_output/test/nelson_muntz/pic5053.jpg,nelson_muntz,[15],nelson_muntz
Data/cropped_image_output/test/nelson_muntz/pic6579.jpg,nelson_muntz,[15],nelson_muntz
Data/cropped_image_output/test/nelson_muntz/pic6589.jpg,nelson_muntz,[15],nelson_muntz
Data/cropped_image_output/test/nelson_muntz/pic6592.jpg,nelson_muntz,[5],comic_book_guy
Data/cropped_image_output/test/nelson_muntz/pic6601.jpg,nelson_muntz,[15],nelson_muntz
Data/cropped_image_output/test/nelson_muntz/pic6605.jpg,nelson_muntz,[15],nelson_muntz
Data/cropped_image_output/test/nelson_muntz/pic6612.jpg,nelson_muntz,[5],comic_book_guy
Data/cropped_image_output/test/nelson_muntz/pic6622.jpg,nelson_muntz,[15],nelson_muntz
Data/cropped_image_output/test/nelson_muntz/pic6625.jpg,nelson_muntz,[15],nelson_muntz
Data/cropped_image_output/test/nelson_muntz/pic6631.jpg,nelson_muntz,[15],nelson_muntz
Data/cropped_image_output/test/nelson_muntz/pic6638.jpg,nelson_muntz,[15],nelson_muntz
Data/cropped_image_output/test/nelson_muntz/pic6642.jpg,nelson_muntz,[15],nelson_muntz
Data/cropped_image_output/test/nelson_muntz/pic6646.jpg,nelson_muntz,[5],comic_book_guy
Data/cropped_image_output/test/nelson_muntz/pic6657.jpg,nelson_muntz,[5],comic_book_guy
Data/cropped_image_output/test/principal_skinner/pic5076.jpg,principal_skinner,[16],principal_skinner
Data/cropped_image_output/test/principal_skinner/pic5100.jpg,principal_skinner,[3],charles_montgomery_burns
Data/cropped_image_output/test/principal_skinner/pic5123.jpg,principal_skinner,[16],principal_skinner
Data/cropped_image_output/test/principal_skinner/pic5128.jpg,principal_skinner,[16],principal_skinner
Data/cropped_image_output/test/principal_skinner/pic5152.jpg,principal_skinner,[16],principal_skinner
Data/cropped_image_output/test/principal_skinner/pic5172.jpg,principal_skinner,[5],comic_book_guy
Data/cropped_image_output/test/principal_skinner/pic5225.jpg,principal_skinner,[16],principal_skinner
Data/cropped_image_output/test/principal_skinner/pic5227.jpg,principal_skinner,[16],principal_skinner
Data/cropped_image_output/test/principal_skinner/pic5238.jpg,principal_skinner,[16],principal_skinner
Data/cropped_image_output/test/principal_skinner/pic5247.jpg,principal_skinner,[7],homer_simpson
Data/cropped_image_output/test/principal_skinner/pic5249.jpg,principal_skinner,[5],comic_book_guy
Data/cropped_image_output/test/principal_skinner/pic5253.jpg,principal_skinner,[3],charles_montgomery_burns
Data/cropped_image_output/test/principal_skinner/pic5255.jpg,principal_skinner,[16],principal_skinner
Data/cropped_image_output/test/principal_skinner/pic5256.jpg,principal_skinner,[16],principal_skinner
Data/cropped_image_output/test/principal_skinner/pic5265.jpg,principal_skinner,[16],principal_skinner
Data/cropped_image_output/test/principal_skinner/pic5269.jpg,principal_skinner,[16],principal_skinner
Data/cropped_image_output/test/principal_skinner/pic5273.jpg,principal_skinner,[9],krusty_the_clown
Data/cropped_image_output/test/principal_skinner/pic5275.jpg,principal_skinner,[7],homer_simpson
Data/cropped_image_output/test/principal_skinner/pic5383.jpg,principal_skinner,[16],principal_skinner
Data/cropped_image_output/test/principal_skinner/pic5401.jpg,principal_skinner,[4],chief_wiggum
Data/cropped_image_output/test/principal_skinner/pic5586.jpg,principal_skinner,[16],principal_skinner
Data/cropped_image_output/test/principal_skinner/pic5601.jpg,principal_skinner,[7],homer_simpson
Data/cropped_image_output/test/principal_skinner/pic5620.jpg,principal_skinner,[7],homer_simpson
Data/cropped_image_output/test/principal_skinner/pic5627.jpg,principal_skinner,[16],principal_skinner
Data/cropped_image_output/test/principal_skinner/pic5632.jpg,principal_skinner,[16],principal_skinner
Data/cropped_image_output/test/principal_skinner/pic5645.jpg,principal_skinner,[16],principal_skinner
Data/cropped_image_output/test/principal_skinner/pic5654.jpg,principal_skinner,[15],nelson_muntz
Data/cropped_image_output/test/principal_skinner/pic5665.jpg,principal_skinner,[9],krusty_the_clown
Data/cropped_image_output/test/principal_skinner/pic5668.jpg,principal_skinner,[16],principal_skinner
Data/cropped_image_output/test/principal_skinner/pic5671.jpg,principal_skinner,[16],principal_skinner
Data/cropped_image_output/test/principal_skinner/pic5804.jpg,principal_skinner,[16],principal_skinner
Data/cropped_image_output/test/principal_skinner/pic5805.jpg,principal_skinner,[16],principal_skinner
Data/cropped_image_output/test/principal_skinner/pic5811.jpg,principal_skinner,[11],marge_simpson
Data/cropped_image_output/test/principal_skinner/pic5822.jpg,principal_skinner,[16],principal_skinner
Data/cropped_image_output/test/principal_skinner/pic5825.jpg,principal_skinner,[16],principal_skinner
Data/cropped_image_output/test/principal_skinner/pic5837.jpg,principal_skinner,[16],principal_skinner
Data/cropped_image_output/test/principal_skinner/pic5844.jpg,principal_skinner,[16],principal_skinner
Data/cropped_image_output/test/principal_skinner/pic5852.jpg,principal_skinner,[16],principal_skinner
Data/cropped_image_output/test/principal_skinner/pic5857.jpg,principal_skinner,[16],principal_skinner
Data/cropped_image_output/test/principal_skinner/pic5858.jpg,principal_skinner,[10],lisa_simpson
Data/cropped_image_output/test/principal_skinner/pic5868.jpg,principal_skinner,[16],principal_skinner
Data/cropped_image_output/test/principal_skinner/pic5870.jpg,principal_skinner,[16],principal_skinner
Data/cropped_image_output/test/principal_skinner/pic5874.jpg,principal_skinner,[3],charles_montgomery_burns
Data/cropped_image_output/test/principal_skinner/pic5890.jpg,principal_skinner,[16],principal_skinner
Data/cropped_image_output/test/principal_skinner/pic5902.jpg,principal_skinner,[16],principal_skinner
Data/cropped_image_output/test/principal_skinner/pic5908.jpg,principal_skinner,[16],principal_skinner
Data/cropped_image_output/test/principal_skinner/pic5911.jpg,principal_skinner,[16],principal_skinner
Data/cropped_image_output/test/principal_skinner/pic5915.jpg,principal_skinner,[16],principal_skinner
Data/cropped_image_output/test/principal_skinner/pic5919.jpg,principal_skinner,[16],principal_skinner
Data/cropped_image_output/test/principal_skinner/pic5921.jpg,principal_skinner,[16],principal_skinner
Data/cropped_image_output/test/principal_skinner/pic5936.jpg,principal_skinner,[16],principal_skinner
Data/cropped_image_output/test/sideshow_bob/pic5305.jpg,sideshow_bob,[17],sideshow_bob
Data/cropped_image_output/test/sideshow_bob/pic5321.jpg,sideshow_bob,[17],sideshow_bob
Data/cropped_image_output/test/sideshow_bob/pic5331.jpg,sideshow_bob,[17],sideshow_bob
Data/cropped_image_output/test/sideshow_bob/pic5357.jpg,sideshow_bob,[17],sideshow_bob
Data/cropped_image_output/test/sideshow_bob/pic5411.jpg,sideshow_bob,[17],sideshow_bob
Data/cropped_image_output/test/sideshow_bob/pic5418.jpg,sideshow_bob,[17],sideshow_bob
Data/cropped_image_output/test/sideshow_bob/pic5419.jpg,sideshow_bob,[0],abraham_grampa_simpson
Data/cropped_image_output/test/sideshow_bob/pic5424.jpg,sideshow_bob,[17],sideshow_bob
Data/cropped_image_output/test/sideshow_bob/pic5426.jpg,sideshow_bob,[17],sideshow_bob
Data/cropped_image_output/test/sideshow_bob/pic5435.jpg,sideshow_bob,[17],sideshow_bob
Data/cropped_image_output/test/sideshow_bob/pic6687.jpg,sideshow_bob,[17],sideshow_bob
Data/cropped_image_output/test/sideshow_bob/pic6697.jpg,sideshow_bob,[17],sideshow_bob
Data/cropped_image_output/test/sideshow_bob/pic6700.jpg,sideshow_bob,[17],sideshow_bob
Data/cropped_image_output/test/sideshow_bob/pic6710.jpg,sideshow_bob,[17],sideshow_bob
Data/cropped_image_output/test/sideshow_bob/pic6714.jpg,sideshow_bob,[17],sideshow_bob
Data/cropped_image_output/test/sideshow_bob/pic6720.jpg,sideshow_bob,[17],sideshow_bob
Data/cropped_image_output/test/sideshow_bob/pic6730.jpg,sideshow_bob,[17],sideshow_bob
Data/cropped_image_output/test/sideshow_bob/pic6733.jpg,sideshow_bob,[17],sideshow_bob
Data/cropped_image_output/test/sideshow_bob/pic6739.jpg,sideshow_bob,[17],sideshow_bob
Data/cropped_image_output/test/sideshow_bob/pic6740.jpg,sideshow_bob,[17],sideshow_bob
Data/cropped_image_output/test/sideshow_bob/pic6747.jpg,sideshow_bob,[17],sideshow_bob
